0.0, 1000.0, -0.7285223785054299, -0.7285223785054299
1.0, 1000.0, -0.6839691053611778, -0.7285223785054299
2.0, 999.0, -0.6873352985028811, -0.7285223785054299
3.0, 1000.0, -0.6916865730969706, -0.7285223785054299
4.0, 1000.0, -0.6987883303274769, -0.7285223785054299
5.0, 999.0, -0.6975358563741305, -0.7285223785054299
6.0, 998.0, -0.6966134845672878, -0.7285223785054299
7.0, 999.0, -0.6939050626533558, -0.7285223785054299
8.0, 1000.0, -0.693522203016216, -0.7285223785054299
9.0, 1000.0, -0.696529913076831, -0.7285223785054299
10.0, 1000.0, -0.6967422043800904, -0.7285223785054299
11.0, 1001.0, -0.6979428710064703, -0.7285223785054299
12.0, 1000.0, -0.7047038801271046, -0.7285223785054299
13.0, 1002.0, -0.7003873784442063, -0.7285223785054299
14.0, 1001.0, -0.7002182063208517, -0.7285223785054299
15.0, 1000.0, -0.702078520974192, -0.7285223785054299
16.0, 999.0, -0.7023759351653331, -0.7285223785054299
17.0, 999.0, -0.7013277828320781, -0.7285223785054299
18.0, 997.0, -0.7067395921428319, -0.7285223785054299
19.0, 996.0, -0.7131095104455394, -0.7285223785054299
20.0, 996.0, -0.7135547880047666, -0.7285223785054299
21.0, 996.0, -0.7123405751986227, -0.7285223785054299
22.0, 998.0, -0.7122722759813165, -0.7285223785054299
23.0, 998.0, -0.7159397914605112, -0.7285223785054299
24.0, 997.0, -0.725188014438531, -0.7285223785054299
25.0, 996.0, -0.7232831930725943, -0.7285223785054299
26.0, 994.0, -0.7224857915375864, -0.7285223785054299
27.0, 993.0, -0.7245206748666146, -0.7285223785054299
28.0, 993.0, -0.7241411237019149, -0.7285223785054299
29.0, 992.0, -0.7239142877556284, -0.7285223785054299
30.0, 991.0, -0.7309412704693727, -0.7285223785054299
31.0, 992.0, -0.734155799291325, -0.7285223785054299
32.0, 993.0, -0.7344516335660423, -0.7285223785054299
33.0, 995.0, -0.7306328800145487, -0.7285223785054299
34.0, 996.0, -0.7386639998142956, -0.7285223785054299
35.0, 996.0, -0.735500334906106, -0.7285223785054299
36.0, 996.0, -0.7343093731637964, -0.7285223785054299
37.0, 995.0, -0.7291977891629022, -0.7285223785054299
38.0, 995.0, -0.7311295106512197, -0.7285223785054299
39.0, 996.0, -0.7360386825986316, -0.7285223785054299
40.0, 996.0, -0.7410407952152411, -0.7285223785054299
41.0, 996.0, -0.7423165212763236, -0.7285223785054299
42.0, 997.0, -0.7428101846982633, -0.7285223785054299
43.0, 996.0, -0.7414477694228625, -0.7285223785054299
44.0, 996.0, -0.7429315636749663, -0.7285223785054299
45.0, 997.0, -0.7383999053078116, -0.7285223785054299
46.0, 995.0, -0.7402244935669149, -0.7285223785054299
47.0, 995.0, -0.7398186794486994, -0.7285223785054299
48.0, 995.0, -0.7437978513058126, -0.7285223785054299
49.0, 996.0, -0.7429024982946386, -0.7285223785054299
50.0, 998.0, -0.7438186376715317, -0.7285223785054299
51.0, 998.0, -0.7450012617250299, -0.7285223785054299
52.0, 997.0, -0.7457404262622485, -0.7285223785054299
53.0, 997.0, -0.7483366098497082, -0.7285223785054299
54.0, 995.0, -0.7458673810446483, -0.7285223785054299
55.0, 996.0, -0.745797134749967, -0.7285223785054299
56.0, 997.0, -0.7445966100706403, -0.7285223785054299
57.0, 998.0, -0.7480580769228393, -0.7285223785054299
58.0, 997.0, -0.7532589821001228, -0.7285223785054299
59.0, 997.0, -0.7528657367374105, -0.7285223785054299
60.0, 998.0, -0.7481001348454992, -0.7285223785054299
61.0, 999.0, -0.750602633176227, -0.7285223785054299
62.0, 1000.0, -0.7552329251365251, -0.7285223785054299
63.0, 1000.0, -0.7539519885005965, -0.7285223785054299
64.0, 1000.0, -0.7579967856398042, -0.7285223785054299
65.0, 1000.0, -0.7587194145273539, -0.7285223785054299
66.0, 1000.0, -0.7577143369661088, -0.7285223785054299
67.0, 999.0, -0.7517299962112365, -0.7285223785054299
68.0, 999.0, -0.7478848808196672, -0.7285223785054299
69.0, 1000.0, -0.7437303672282984, -0.7285223785054299
70.0, 1000.0, -0.7427418744788816, -0.7285223785054299
71.0, 1001.0, -0.7398131652834192, -0.7285223785054299
72.0, 1001.0, -0.7375183009169257, -0.7285223785054299
73.0, 1002.0, -0.7393792685815392, -0.7285223785054299
74.0, 1002.0, -0.7434329975214715, -0.7285223785054299
75.0, 1002.0, -0.742133761619175, -0.7285223785054299
76.0, 1003.0, -0.7408865090199763, -0.7285223785054299
77.0, 1002.0, -0.7364094976414519, -0.7285223785054299
78.0, 1001.0, -0.7343912637063115, -0.7285223785054299
79.0, 1002.0, -0.7419275468887032, -0.7285223785054299
80.0, 1000.0, -0.7449372705752042, -0.7285223785054299
81.0, 999.0, -0.743203395958214, -0.7285223785054299
82.0, 999.0, -0.7408732266103253, -0.7285223785054299
83.0, 999.0, -0.7386945950920136, -0.7285223785054299
84.0, 999.0, -0.7331916362605575, -0.7285223785054299
85.0, 999.0, -0.735767266687408, -0.7285223785054299
86.0, 999.0, -0.736252616018104, -0.7285223785054299
87.0, 999.0, -0.7313011620834753, -0.7285223785054299
88.0, 999.0, -0.7325769694803463, -0.7285223785054299
89.0, 998.0, -0.7292386048905259, -0.7285223785054299
90.0, 999.0, -0.738098775328593, -0.7285223785054299
91.0, 998.0, -0.7422435448358022, -0.7285223785054299
92.0, 996.0, -0.7401028981631088, -0.7285223785054299
93.0, 998.0, -0.7422447999209196, -0.7285223785054299
94.0, 998.0, -0.7389034049214533, -0.7285223785054299
95.0, 998.0, -0.7387780075258079, -0.7285223785054299
96.0, 998.0, -0.7425939439823404, -0.7285223785054299
97.0, 1001.0, -0.7421558912154671, -0.7285223785054299
98.0, 1000.0, -0.7501004263423088, -0.7285223785054299
99.0, 999.0, -0.7453601281060267, -0.7285223785054299
100.0, 998.0, -0.7438157706638189, -0.7285223785054299
101.0, 997.0, -0.7430529367002368, -0.7285223785054299
102.0, 998.0, -0.7440511035479145, -0.7282219276034
103.0, 999.0, -0.7392763154579025, -0.7282219276034
104.0, 999.0, -0.7392794225980002, -0.7282219276034
105.0, 998.0, -0.7361604929201586, -0.7282219276034
106.0, 997.0, -0.7348314537754468, -0.7282219276034
107.0, 996.0, -0.7395523850546315, -0.7282219276034
108.0, 995.0, -0.7398330320609854, -0.7282219276034
109.0, 994.0, -0.7369568732307492, -0.7282219276034
110.0, 994.0, -0.7288053130500347, -0.7282219276034
111.0, 994.0, -0.7276503996197639, -0.7282219276034
112.0, 994.0, -0.7262824991759285, -0.7282219276034
113.0, 995.0, -0.7274248775604624, -0.7282219276034
114.0, 994.0, -0.7299212448404768, -0.7282219276034
115.0, 993.0, -0.7281221341860182, -0.7282219276034
116.0, 994.0, -0.7330406999657282, -0.7282219276034
117.0, 994.0, -0.730328294484571, -0.7282219276034
118.0, 994.0, -0.7343093906341138, -0.7282219276034
119.0, 994.0, -0.7337822638358054, -0.7282219276034
120.0, 994.0, -0.733379978788671, -0.7282219276034
121.0, 993.0, -0.7343227816143592, -0.7282219276034
122.0, 994.0, -0.7337239967794273, -0.7282219276034
123.0, 992.0, -0.7387544598826419, -0.7282219276034
124.0, 991.0, -0.734612836575645, -0.7282219276034
125.0, 992.0, -0.7351917666336891, -0.7282219276034
126.0, 991.0, -0.7345343426716122, -0.7282219276034
127.0, 991.0, -0.734925481528889, -0.7282219276034
128.0, 992.0, -0.7332186234988782, -0.7282219276034
129.0, 991.0, -0.7361912164804518, -0.7282219276034
130.0, 990.0, -0.7373290545217754, -0.7282219276034
131.0, 989.0, -0.7354273960686013, -0.7282219276034
132.0, 991.0, -0.735271561255727, -0.7282219276034
133.0, 992.0, -0.7329407219717619, -0.7282219276034
134.0, 992.0, -0.7355448017907558, -0.7282219276034
135.0, 991.0, -0.7315146378314739, -0.7282219276034
136.0, 990.0, -0.7336031121537796, -0.7282219276034
137.0, 991.0, -0.7403876651437493, -0.7282219276034
138.0, 994.0, -0.7403227696942516, -0.7282219276034
139.0, 993.0, -0.741953494868552, -0.7282219276034
140.0, 992.0, -0.7416437782941518, -0.7282219276034
141.0, 994.0, -0.7310982957514831, -0.7282219276034
142.0, 995.0, -0.7333101143164034, -0.7282219276034
143.0, 996.0, -0.7308165034385046, -0.7282219276034
144.0, 996.0, -0.734767961588056, -0.7282219276034
145.0, 996.0, -0.7422323140319136, -0.7282219276034
146.0, 995.0, -0.7419015945890888, -0.7282219276034
147.0, 995.0, -0.7443248658679924, -0.7282219276034
148.0, 995.0, -0.7492652114854605, -0.7282219276034
149.0, 996.0, -0.748398647223057, -0.7282219276034
150.0, 996.0, -0.7525110532607844, -0.7282219276034
151.0, 996.0, -0.7470456030824024, -0.7282219276034
152.0, 997.0, -0.7455766913539754, -0.7278211254636461
153.0, 998.0, -0.7393383803649312, -0.7278211254636461
154.0, 998.0, -0.7369871019797782, -0.7278211254636461
155.0, 997.0, -0.7384668305217283, -0.7278211254636461
156.0, 996.0, -0.741721009226388, -0.7278211254636461
157.0, 995.0, -0.7407553063506633, -0.7278211254636461
158.0, 996.0, -0.7401384570339098, -0.7278211254636461
159.0, 998.0, -0.737293590087601, -0.7278211254636461
160.0, 997.0, -0.7354389504521, -0.7278211254636461
161.0, 998.0, -0.7378417156038048, -0.7278211254636461
162.0, 998.0, -0.741940912862189, -0.7278211254636461
163.0, 998.0, -0.7405620487465927, -0.7278211254636461
164.0, 998.0, -0.7372852459856629, -0.7278211254636461
165.0, 998.0, -0.7361068098068393, -0.7278211254636461
166.0, 999.0, -0.7339906263677349, -0.7278211254636461
167.0, 1000.0, -0.7342343528247259, -0.7278211254636461
168.0, 1001.0, -0.7350740984364292, -0.7278211254636461
169.0, 1001.0, -0.7328144479952432, -0.7278211254636461
170.0, 1001.0, -0.7335745105940943, -0.7278211254636461
171.0, 1001.0, -0.7363919170631026, -0.7278211254636461
172.0, 1002.0, -0.7350100845843441, -0.7278211254636461
173.0, 1001.0, -0.7334668158470672, -0.7278211254636461
174.0, 1002.0, -0.7336219911201074, -0.7278211254636461
175.0, 1002.0, -0.7341720657647013, -0.7278211254636461
176.0, 1004.0, -0.7349344235893023, -0.7278211254636461
177.0, 1005.0, -0.7369712737357164, -0.7278211254636461
178.0, 1005.0, -0.7360531380338742, -0.7278211254636461
179.0, 1006.0, -0.7365412446216557, -0.7278211254636461
180.0, 1006.0, -0.7401533810891372, -0.7278211254636461
181.0, 1006.0, -0.7358449383188341, -0.7278211254636461
182.0, 1006.0, -0.7415260667466839, -0.7278211254636461
183.0, 1005.0, -0.7468176511745981, -0.7278211254636461
184.0, 1005.0, -0.7421133864052449, -0.7278211254636461
185.0, 1004.0, -0.7419783135656952, -0.7278211254636461
186.0, 1003.0, -0.7402814936435682, -0.7278211254636461
187.0, 1003.0, -0.7416663220706956, -0.7278211254636461
188.0, 1002.0, -0.739722039907541, -0.7278211254636461
189.0, 1001.0, -0.743103474199114, -0.7278211254636461
190.0, 1002.0, -0.7393952774818715, -0.7278211254636461
191.0, 1005.0, -0.7410906567399516, -0.7278211254636461
192.0, 1004.0, -0.7418923094957808, -0.7278211254636461
193.0, 1002.0, -0.7482948870627444, -0.7278211254636461
194.0, 1002.0, -0.7506706540072277, -0.7278211254636461
195.0, 1002.0, -0.7472242058377305, -0.7278211254636461
196.0, 1002.0, -0.7508851188605752, -0.7278211254636461
197.0, 1002.0, -0.7514939846222464, -0.7278211254636461
198.0, 1002.0, -0.7432771086094623, -0.7278211254636461
199.0, 1004.0, -0.7430402341048334, -0.7278211254636461
200.0, 1003.0, -0.7391465721180539, -0.7278211254636461
201.0, 1002.0, -0.7427918219545468, -0.7278211254636461
202.0, 1003.0, -0.7427717327372492, -0.7280209257299134
203.0, 1000.0, -0.7448602986864077, -0.7280209257299134
204.0, 1000.0, -0.7432920820333306, -0.7280209257299134
205.0, 1001.0, -0.7393361582777274, -0.7280209257299134
206.0, 1002.0, -0.7381925157782372, -0.7280209257299134
207.0, 1003.0, -0.7361232054337359, -0.7280209257299134
208.0, 1003.0, -0.7407909660662095, -0.7280209257299134
209.0, 1003.0, -0.7432149195183269, -0.7280209257299134
210.0, 1003.0, -0.7438356586682615, -0.7280209257299134
211.0, 1001.0, -0.7475137943767713, -0.7280209257299134
212.0, 1001.0, -0.7422222968096699, -0.7280209257299134
213.0, 1002.0, -0.7450194198943472, -0.7280209257299134
214.0, 1002.0, -0.7481211001204797, -0.7280209257299134
215.0, 1003.0, -0.7478627593292986, -0.7280209257299134
216.0, 1001.0, -0.7451359844127894, -0.7280209257299134
217.0, 1001.0, -0.7464094022340171, -0.7280209257299134
218.0, 1001.0, -0.7519727144320563, -0.7280209257299134
219.0, 1001.0, -0.7466574881217065, -0.7280209257299134
220.0, 1001.0, -0.748997870593334, -0.7280209257299134
221.0, 1002.0, -0.7478102263359601, -0.7280209257299134
222.0, 1001.0, -0.7473721960173676, -0.7280209257299134
223.0, 1001.0, -0.7527758604447756, -0.7280209257299134
224.0, 1001.0, -0.7466464621654916, -0.7280209257299134
225.0, 1002.0, -0.7462316198515737, -0.7280209257299134
226.0, 1002.0, -0.7484810198778147, -0.7280209257299134
227.0, 1003.0, -0.7507757652485594, -0.7280209257299134
228.0, 1002.0, -0.754251770620983, -0.7280209257299134
229.0, 1003.0, -0.7541410867738221, -0.7280209257299134
230.0, 1004.0, -0.750954667340272, -0.7280209257299134
231.0, 1004.0, -0.7506768007529532, -0.7280209257299134
232.0, 1006.0, -0.7543601393104025, -0.7280209257299134
233.0, 1006.0, -0.75596186449127, -0.7280209257299134
234.0, 1006.0, -0.751789212625078, -0.7280209257299134
235.0, 1007.0, -0.7508761091464327, -0.7280209257299134
236.0, 1007.0, -0.7504509926585954, -0.7280209257299134
237.0, 1006.0, -0.7482903537168604, -0.7280209257299134
238.0, 1006.0, -0.754023186871156, -0.7280209257299134
239.0, 1004.0, -0.7512340387294023, -0.7280209257299134
240.0, 1004.0, -0.754263610480556, -0.7280209257299134
241.0, 1006.0, -0.7550005152294492, -0.7280209257299134
242.0, 1008.0, -0.7547567078664965, -0.7280209257299134
243.0, 1007.0, -0.7549332349255686, -0.7280209257299134
244.0, 1008.0, -0.7540455390372913, -0.7280209257299134
245.0, 1009.0, -0.7526021695401772, -0.7280209257299134
246.0, 1008.0, -0.751651073495653, -0.7280209257299134
247.0, 1008.0, -0.7503406411798337, -0.7280209257299134
248.0, 1009.0, -0.7516074601293044, -0.7280209257299134
249.0, 1009.0, -0.7556590585723988, -0.7280209257299134
250.0, 1009.0, -0.7506529105403497, -0.7280209257299134
251.0, 1009.0, -0.7506065525950161, -0.7280209257299134
252.0, 1009.0, -0.7487175595334308, -0.7289168998670605
253.0, 1010.0, -0.749317522530442, -0.7289168998670605
254.0, 1010.0, -0.75119440895557, -0.7289168998670605
255.0, 1010.0, -0.7531469506634736, -0.7289168998670605
256.0, 1010.0, -0.7530605349810044, -0.7289168998670605
257.0, 1012.0, -0.7529553535937705, -0.7289168998670605
258.0, 1012.0, -0.7501558062222355, -0.7289168998670605
259.0, 1014.0, -0.7473242222448186, -0.7289168998670605
260.0, 1016.0, -0.7496669794091266, -0.7289168998670605
261.0, 1015.0, -0.7575306735416372, -0.7289168998670605
262.0, 1013.0, -0.7615632836084192, -0.7289168998670605
263.0, 1012.0, -0.7576129547923969, -0.7289168998670605
264.0, 1013.0, -0.7582640728103611, -0.7289168998670605
265.0, 1013.0, -0.7584839285230995, -0.7289168998670605
266.0, 1013.0, -0.7620135865525988, -0.7289168998670605
267.0, 1012.0, -0.7686754889916552, -0.7289168998670605
268.0, 1013.0, -0.7684295156609857, -0.7289168998670605
269.0, 1013.0, -0.769144385589495, -0.7289168998670605
270.0, 1016.0, -0.767864469032234, -0.7289168998670605
271.0, 1017.0, -0.764684785584876, -0.7289168998670605
272.0, 1019.0, -0.7666414431840674, -0.7289168998670605
273.0, 1019.0, -0.7701500421328633, -0.7289168998670605
274.0, 1020.0, -0.7696053227582174, -0.7289168998670605
275.0, 1021.0, -0.7654242054133173, -0.7289168998670605
276.0, 1022.0, -0.7672854233345443, -0.7289168998670605
277.0, 1022.0, -0.7635797663653006, -0.7289168998670605
278.0, 1022.0, -0.7558417272914186, -0.7289168998670605
279.0, 1022.0, -0.7539773107075296, -0.7289168998670605
280.0, 1022.0, -0.7579474004942743, -0.7289168998670605
281.0, 1022.0, -0.7599887748451388, -0.7289168998670605
282.0, 1023.0, -0.7560504371829857, -0.7289168998670605
283.0, 1021.0, -0.7566289285645134, -0.7289168998670605
284.0, 1021.0, -0.7621175856944, -0.7289168998670605
285.0, 1022.0, -0.7563410672262243, -0.7289168998670605
286.0, 1022.0, -0.7526365527838828, -0.7289168998670605
287.0, 1021.0, -0.7559676287228791, -0.7289168998670605
288.0, 1020.0, -0.7590403977157423, -0.7289168998670605
289.0, 1020.0, -0.764113337371612, -0.7289168998670605
290.0, 1020.0, -0.7645400544073206, -0.7289168998670605
291.0, 1020.0, -0.7641192607497436, -0.7289168998670605
292.0, 1021.0, -0.761542122745285, -0.7289168998670605
293.0, 1021.0, -0.7572828776787828, -0.7289168998670605
294.0, 1021.0, -0.7570195703957092, -0.7289168998670605
295.0, 1021.0, -0.7575141051932304, -0.7289168998670605
296.0, 1021.0, -0.7559915651018791, -0.7289168998670605
297.0, 1020.0, -0.7566427263853301, -0.7289168998670605
298.0, 1023.0, -0.7527973710383105, -0.7289168998670605
299.0, 1023.0, -0.7553880218537274, -0.7289168998670605
300.0, 1022.0, -0.7572677542582036, -0.7289168998670605
301.0, 1022.0, -0.7599305039428279, -0.7289168998670605
302.0, 1020.0, -0.7611789552958075, -0.7310930490452118
303.0, 1020.0, -0.7547266340808523, -0.7310930490452118
304.0, 1020.0, -0.7605530093708621, -0.7310930490452118
305.0, 1020.0, -0.76094669136695, -0.7310930490452118
306.0, 1021.0, -0.7633878322511953, -0.7310930490452118
307.0, 1022.0, -0.7637643283109121, -0.7310930490452118
308.0, 1022.0, -0.7641498746694355, -0.7310930490452118
309.0, 1022.0, -0.7683213853530906, -0.7310930490452118
310.0, 1022.0, -0.7622771702617166, -0.7310930490452118
311.0, 1021.0, -0.7594397134071802, -0.7310930490452118
312.0, 1021.0, -0.7607965867477846, -0.7310930490452118
313.0, 1021.0, -0.7592024578909113, -0.7310930490452118
314.0, 1019.0, -0.757741755437707, -0.7310930490452118
315.0, 1019.0, -0.7580370913271408, -0.7310930490452118
316.0, 1018.0, -0.7553030881643066, -0.7310930490452118
317.0, 1019.0, -0.7520241187001906, -0.7310930490452118
318.0, 1020.0, -0.7587946053256636, -0.7310930490452118
319.0, 1021.0, -0.7655728869337821, -0.7310930490452118
320.0, 1021.0, -0.761697000398188, -0.7310930490452118
321.0, 1020.0, -0.7633077415668836, -0.7310930490452118
322.0, 1020.0, -0.7624006798693599, -0.7310930490452118
323.0, 1022.0, -0.766998920834133, -0.7310930490452118
324.0, 1022.0, -0.7674230537088216, -0.7310930490452118
325.0, 1023.0, -0.7699438654956205, -0.7310930490452118
326.0, 1024.0, -0.7682167467070649, -0.7310930490452118
327.0, 1023.0, -0.7646187056893157, -0.7310930490452118
328.0, 1025.0, -0.7672163365791116, -0.7310930490452118
329.0, 1025.0, -0.772692643030398, -0.7310930490452118
330.0, 1024.0, -0.7728139736029696, -0.7310930490452118
331.0, 1024.0, -0.7727297788809042, -0.7310930490452118
332.0, 1024.0, -0.7703851609488361, -0.7310930490452118
333.0, 1023.0, -0.772861233044597, -0.7310930490452118
334.0, 1024.0, -0.7772882422467062, -0.7310930490452118
335.0, 1024.0, -0.7744813555957948, -0.7310930490452118
336.0, 1024.0, -0.7718442091107645, -0.7310930490452118
337.0, 1024.0, -0.7685040375973506, -0.7310930490452118
338.0, 1026.0, -0.7686693721973508, -0.7310930490452118
339.0, 1025.0, -0.7687746843632424, -0.7310930490452118
340.0, 1025.0, -0.7697947440702122, -0.7310930490452118
341.0, 1025.0, -0.7667762217600445, -0.7310930490452118
342.0, 1027.0, -0.7706151339264615, -0.7310930490452118
343.0, 1027.0, -0.7659646231812194, -0.7310930490452118
344.0, 1027.0, -0.7703952684994799, -0.7310930490452118
345.0, 1027.0, -0.7703534809734942, -0.7310930490452118
346.0, 1026.0, -0.7680016145523063, -0.7310930490452118
347.0, 1026.0, -0.7638078554799672, -0.7310930490452118
348.0, 1025.0, -0.7589771144945652, -0.7310930490452118
349.0, 1023.0, -0.7586699182130785, -0.7310930490452118
350.0, 1023.0, -0.7578351732844597, -0.7310930490452118
351.0, 1023.0, -0.7543101352286645, -0.7310930490452118
352.0, 1023.0, -0.7543155444239522, -0.7333669977421607
353.0, 1022.0, -0.7582532311239585, -0.7333669977421607
354.0, 1023.0, -0.7555636106432306, -0.7333669977421607
355.0, 1023.0, -0.759092416386709, -0.7333669977421607
356.0, 1023.0, -0.7608642803328862, -0.7333669977421607
357.0, 1025.0, -0.759029952322571, -0.7333669977421607
358.0, 1025.0, -0.7552596156124005, -0.7333669977421607
359.0, 1023.0, -0.75360353068103, -0.7333669977421607
360.0, 1022.0, -0.7551808332026693, -0.7333669977421607
361.0, 1021.0, -0.750782412862883, -0.7333669977421607
362.0, 1022.0, -0.7512520801141493, -0.7333669977421607
363.0, 1023.0, -0.7576249054505264, -0.7333669977421607
364.0, 1022.0, -0.7581155655739058, -0.7333669977421607
365.0, 1023.0, -0.7584529515693719, -0.7333669977421607
366.0, 1023.0, -0.7553997970658204, -0.7333669977421607
367.0, 1023.0, -0.7521781555521703, -0.7333669977421607
368.0, 1023.0, -0.748936957135119, -0.7333669977421607
369.0, 1021.0, -0.7495951282458166, -0.7333669977421607
370.0, 1021.0, -0.749139978288266, -0.7333669977421607
371.0, 1022.0, -0.7497075254149148, -0.7333669977421607
372.0, 1022.0, -0.7531836041802975, -0.7333669977421607
373.0, 1022.0, -0.7556560233308338, -0.7333669977421607
374.0, 1022.0, -0.749259953413385, -0.7333669977421607
375.0, 1023.0, -0.7537402402643583, -0.7333669977421607
376.0, 1022.0, -0.7531551004509476, -0.7333669977421607
377.0, 1022.0, -0.7549132305022703, -0.7333669977421607
378.0, 1022.0, -0.7526963369125899, -0.7333669977421607
379.0, 1021.0, -0.749567087420921, -0.7333669977421607
380.0, 1021.0, -0.7493084719186127, -0.7333669977421607
381.0, 1021.0, -0.7491993608880159, -0.7333669977421607
382.0, 1021.0, -0.7501312438622552, -0.7333669977421607
383.0, 1021.0, -0.7534494278979729, -0.7333669977421607
384.0, 1020.0, -0.7478320457863306, -0.7333669977421607
385.0, 1021.0, -0.7462363560453407, -0.7333669977421607
386.0, 1022.0, -0.7465739382717158, -0.7333669977421607
387.0, 1023.0, -0.7439747533038767, -0.7333669977421607
388.0, 1024.0, -0.7462068957108419, -0.7333669977421607
389.0, 1027.0, -0.7464277095674317, -0.7333669977421607
390.0, 1025.0, -0.7474560046455085, -0.7333669977421607
391.0, 1026.0, -0.7509334903714773, -0.7333669977421607
392.0, 1025.0, -0.7481741586617581, -0.7333669977421607
393.0, 1026.0, -0.7435318217139455, -0.7333669977421607
394.0, 1026.0, -0.7348694454254547, -0.7333669977421607
395.0, 1027.0, -0.7332049062046482, -0.7333669977421607
396.0, 1027.0, -0.7399114562087137, -0.7333669977421607
397.0, 1025.0, -0.7430197327666834, -0.7333669977421607
398.0, 1025.0, -0.7486720700503509, -0.7333669977421607
399.0, 1026.0, -0.7459905375028921, -0.7333669977421607
400.0, 1027.0, -0.7377037897242338, -0.7333669977421607
401.0, 1025.0, -0.7296380256724722, -0.7333669977421607
402.0, 1026.0, -0.728191710399112, -0.7358362590011979
403.0, 1026.0, -0.7292167865098687, -0.7358362590011979
404.0, 1026.0, -0.7281392773639805, -0.7358362590011979
405.0, 1025.0, -0.7271134522003284, -0.7358362590011979
406.0, 1025.0, -0.7304049401645016, -0.7358362590011979
407.0, 1025.0, -0.7296000192447598, -0.7358362590011979
408.0, 1024.0, -0.7365281723626489, -0.7358362590011979
409.0, 1023.0, -0.7357141233497566, -0.7358362590011979
410.0, 1023.0, -0.7326047416715835, -0.7358362590011979
411.0, 1022.0, -0.7340365290325219, -0.7358362590011979
412.0, 1022.0, -0.7370799049547634, -0.7358362590011979
413.0, 1022.0, -0.7333695222242, -0.7358362590011979
414.0, 1022.0, -0.7320651744483153, -0.7358362590011979
415.0, 1022.0, -0.733037025251777, -0.7358362590011979
416.0, 1023.0, -0.737869284127814, -0.7358362590011979
417.0, 1024.0, -0.7402867431533753, -0.7358362590011979
418.0, 1024.0, -0.7374684448906272, -0.7358362590011979
419.0, 1022.0, -0.7377705072420955, -0.7358362590011979
420.0, 1022.0, -0.7407239338884464, -0.7358362590011979
421.0, 1022.0, -0.7371101176375672, -0.7358362590011979
422.0, 1022.0, -0.7385727301989584, -0.7358362590011979
423.0, 1022.0, -0.7385884873571329, -0.7358362590011979
424.0, 1022.0, -0.7398117936124793, -0.7358362590011979
425.0, 1022.0, -0.738106212260442, -0.7358362590011979
426.0, 1021.0, -0.7414329437036249, -0.7358362590011979
427.0, 1021.0, -0.7409555664493424, -0.7358362590011979
428.0, 1020.0, -0.7402749587140744, -0.7358362590011979
429.0, 1020.0, -0.7414702033084222, -0.7358362590011979
430.0, 1020.0, -0.7417780888703898, -0.7358362590011979
431.0, 1019.0, -0.7437433766470489, -0.7358362590011979
432.0, 1019.0, -0.7458311182924062, -0.7358362590011979
433.0, 1019.0, -0.7508246656827036, -0.7358362590011979
434.0, 1020.0, -0.7479674211425427, -0.7358362590011979
435.0, 1020.0, -0.7482865963171599, -0.7358362590011979
436.0, 1022.0, -0.7481791243383005, -0.7358362590011979
437.0, 1022.0, -0.7460881179691712, -0.7358362590011979
438.0, 1021.0, -0.7467947981530099, -0.7358362590011979
439.0, 1022.0, -0.7404767657237536, -0.7358362590011979
440.0, 1023.0, -0.7408873638539331, -0.7358362590011979
441.0, 1023.0, -0.7419222408279718, -0.7358362590011979
442.0, 1024.0, -0.7405230280597799, -0.7358362590011979
443.0, 1025.0, -0.742385926732331, -0.7358362590011979
444.0, 1026.0, -0.7435242344016915, -0.7358362590011979
445.0, 1028.0, -0.7407947667811372, -0.7358362590011979
446.0, 1028.0, -0.7403843617124821, -0.7358362590011979
447.0, 1028.0, -0.7368464586203027, -0.7358362590011979
448.0, 1027.0, -0.7402026604312864, -0.7358362590011979
449.0, 1027.0, -0.7366163805307011, -0.7358362590011979
450.0, 1029.0, -0.7404230024184539, -0.7358362590011979
451.0, 1032.0, -0.7484363319481595, -0.7358362590011979
452.0, 1032.0, -0.7477578750504141, -0.738986125707135
453.0, 1032.0, -0.7494330961664226, -0.738986125707135
454.0, 1031.0, -0.7518339353793366, -0.738986125707135
455.0, 1031.0, -0.7548117771044045, -0.738986125707135
456.0, 1031.0, -0.7515045605238224, -0.738986125707135
457.0, 1033.0, -0.7535596879395221, -0.738986125707135
458.0, 1033.0, -0.7579595952523694, -0.738986125707135
459.0, 1033.0, -0.7579312604616428, -0.738986125707135
460.0, 1032.0, -0.759237896591175, -0.738986125707135
461.0, 1032.0, -0.7567772847212435, -0.738986125707135
462.0, 1033.0, -0.7553333916970948, -0.738986125707135
463.0, 1034.0, -0.755204330717705, -0.738986125707135
464.0, 1035.0, -0.7487392966239368, -0.738986125707135
465.0, 1034.0, -0.7493091682847357, -0.738986125707135
466.0, 1034.0, -0.7535362639840761, -0.738986125707135
467.0, 1037.0, -0.7494415769774136, -0.738986125707135
468.0, 1038.0, -0.7505149445106738, -0.738986125707135
469.0, 1038.0, -0.7527211723982499, -0.738986125707135
470.0, 1039.0, -0.751312666936286, -0.738986125707135
471.0, 1039.0, -0.7513293388935591, -0.738986125707135
472.0, 1038.0, -0.7538574228993111, -0.738986125707135
473.0, 1038.0, -0.7516183503948985, -0.738986125707135
474.0, 1036.0, -0.7522933908521938, -0.738986125707135
475.0, 1036.0, -0.7504868858032112, -0.738986125707135
476.0, 1038.0, -0.748973467002851, -0.738986125707135
477.0, 1038.0, -0.7509162211551197, -0.738986125707135
478.0, 1036.0, -0.7549944168786389, -0.738986125707135
479.0, 1035.0, -0.7618842110652246, -0.738986125707135
480.0, 1034.0, -0.7599071162992619, -0.738986125707135
481.0, 1036.0, -0.7545631269371547, -0.738986125707135
482.0, 1035.0, -0.7542901324120419, -0.738986125707135
483.0, 1035.0, -0.7556030573461792, -0.738986125707135
484.0, 1035.0, -0.7546723318352448, -0.738986125707135
485.0, 1036.0, -0.7528623664667122, -0.738986125707135
486.0, 1035.0, -0.7567312293130808, -0.738986125707135
487.0, 1036.0, -0.7573424498685231, -0.738986125707135
488.0, 1035.0, -0.754801913888256, -0.738986125707135
489.0, 1034.0, -0.7555450590559116, -0.738986125707135
490.0, 1035.0, -0.7548413215281655, -0.738986125707135
491.0, 1035.0, -0.7496043084623936, -0.738986125707135
492.0, 1037.0, -0.7519420650931419, -0.738986125707135
493.0, 1038.0, -0.7554602141316229, -0.738986125707135
494.0, 1039.0, -0.7538267145571003, -0.738986125707135
495.0, 1039.0, -0.7499411011155015, -0.738986125707135
496.0, 1039.0, -0.7505060454366645, -0.738986125707135
497.0, 1039.0, -0.7514073235160903, -0.738986125707135
498.0, 1039.0, -0.7519440128729704, -0.738986125707135
499.0, 1041.0, -0.7502769557849644, -0.738986125707135
500.0, 1041.0, -0.7522294247878101, -0.738986125707135
501.0, 1040.0, -0.748244881048844, -0.738986125707135
502.0, 1040.0, -0.7499122864261771, -0.7429081970224631
503.0, 1039.0, -0.7504500246868167, -0.7429081970224631
504.0, 1037.0, -0.7497412223605802, -0.7429081970224631
505.0, 1037.0, -0.7510551724211969, -0.7429081970224631
506.0, 1034.0, -0.7538746416195057, -0.7429081970224631
507.0, 1034.0, -0.7508658149160516, -0.7429081970224631
508.0, 1036.0, -0.7478781138210508, -0.7429081970224631
509.0, 1037.0, -0.7482888933010483, -0.7429081970224631
510.0, 1036.0, -0.7462770490957478, -0.7429081970224631
511.0, 1036.0, -0.7412679069547077, -0.7429081970224631
512.0, 1037.0, -0.7449557287109463, -0.7429081970224631
513.0, 1038.0, -0.746051699147602, -0.7429081970224631
514.0, 1036.0, -0.7485442787910674, -0.7429081970224631
515.0, 1036.0, -0.7513171823155902, -0.7429081970224631
516.0, 1035.0, -0.7543417342044165, -0.7429081970224631
517.0, 1038.0, -0.7568790402609753, -0.7429081970224631
518.0, 1038.0, -0.7602589016665087, -0.7429081970224631
519.0, 1040.0, -0.7590430754924484, -0.7429081970224631
520.0, 1040.0, -0.7563294620148788, -0.7429081970224631
521.0, 1043.0, -0.7523150053927945, -0.7429081970224631
522.0, 1045.0, -0.7464691197024704, -0.7429081970224631
523.0, 1045.0, -0.747248855983347, -0.7429081970224631
524.0, 1045.0, -0.7398799653347086, -0.7429081970224631
525.0, 1045.0, -0.7379920126726869, -0.7429081970224631
526.0, 1045.0, -0.7380502541387868, -0.7429081970224631
527.0, 1044.0, -0.7328122305393023, -0.7429081970224631
528.0, 1042.0, -0.734713548043401, -0.7429081970224631
529.0, 1042.0, -0.7364557490639652, -0.7429081970224631
530.0, 1042.0, -0.7352786380501837, -0.7429081970224631
531.0, 1039.0, -0.7408025068753019, -0.7429081970224631
532.0, 1040.0, -0.7445131385060988, -0.7429081970224631
533.0, 1039.0, -0.7478351758418618, -0.7429081970224631
534.0, 1040.0, -0.7461650367278505, -0.7429081970224631
535.0, 1041.0, -0.74331586372995, -0.7429081970224631
536.0, 1042.0, -0.7431497840327093, -0.7429081970224631
537.0, 1041.0, -0.7422857139389412, -0.7429081970224631
538.0, 1041.0, -0.7401914981584614, -0.7429081970224631
539.0, 1041.0, -0.743119988954563, -0.7429081970224631
540.0, 1042.0, -0.7448924062209143, -0.7429081970224631
541.0, 1042.0, -0.7388773663663764, -0.7429081970224631
542.0, 1043.0, -0.7434362957087819, -0.7429081970224631
543.0, 1043.0, -0.7425618255082949, -0.7429081970224631
544.0, 1043.0, -0.7452476530691641, -0.7429081970224631
545.0, 1041.0, -0.7460412608868343, -0.7429081970224631
546.0, 1040.0, -0.7493833721918457, -0.7429081970224631
547.0, 1042.0, -0.7470635390571561, -0.7429081970224631
548.0, 1042.0, -0.7503961104019201, -0.7429081970224631
549.0, 1041.0, -0.7507478608459512, -0.7429081970224631
550.0, 1043.0, -0.7517109299618068, -0.7429081970224631
551.0, 1043.0, -0.7550120472170296, -0.7429081970224631
552.0, 1043.0, -0.7538466970253355, -0.7471183146243267
553.0, 1042.0, -0.7550367626552537, -0.7471183146243267
554.0, 1043.0, -0.7575768506357166, -0.7471183146243267
555.0, 1045.0, -0.7575885935221023, -0.7471183146243267
556.0, 1046.0, -0.7570337061881238, -0.7471183146243267
557.0, 1045.0, -0.7586857556480859, -0.7471183146243267
558.0, 1046.0, -0.7574789455895956, -0.7471183146243267
559.0, 1047.0, -0.7595540372213123, -0.7471183146243267
560.0, 1046.0, -0.762512394094967, -0.7471183146243267
561.0, 1045.0, -0.7602519526290796, -0.7471183146243267
562.0, 1046.0, -0.7605301768479484, -0.7471183146243267
563.0, 1045.0, -0.7627375553362381, -0.7471183146243267
564.0, 1045.0, -0.7603293584402568, -0.7471183146243267
565.0, 1044.0, -0.7629802211711496, -0.7471183146243267
566.0, 1044.0, -0.7619116241283299, -0.7471183146243267
567.0, 1045.0, -0.7619767406696523, -0.7471183146243267
568.0, 1045.0, -0.76091281866595, -0.7471183146243267
569.0, 1044.0, -0.762958174880844, -0.7471183146243267
570.0, 1044.0, -0.7589940912194244, -0.7471183146243267
571.0, 1047.0, -0.7534140082951113, -0.7471183146243267
572.0, 1046.0, -0.7587224388759095, -0.7471183146243267
573.0, 1046.0, -0.7575207649818103, -0.7471183146243267
574.0, 1044.0, -0.7575526822990306, -0.7471183146243267
575.0, 1044.0, -0.7552532271473893, -0.7471183146243267
576.0, 1044.0, -0.7561236493466974, -0.7471183146243267
577.0, 1043.0, -0.7586061158619695, -0.7471183146243267
578.0, 1043.0, -0.7548188059584178, -0.7471183146243267
579.0, 1042.0, -0.7519770646561634, -0.7471183146243267
580.0, 1042.0, -0.7509986537434816, -0.7471183146243267
581.0, 1042.0, -0.7517273719633581, -0.7471183146243267
582.0, 1040.0, -0.7541986592383083, -0.7471183146243267
583.0, 1040.0, -0.7542985250550074, -0.7471183146243267
584.0, 1043.0, -0.7502017454020069, -0.7471183146243267
585.0, 1042.0, -0.7479978961017439, -0.7471183146243267
586.0, 1043.0, -0.7509625737176457, -0.7471183146243267
587.0, 1044.0, -0.754655509217717, -0.7471183146243267
588.0, 1044.0, -0.7559313373726826, -0.7471183146243267
589.0, 1045.0, -0.7528220015312463, -0.7471183146243267
590.0, 1045.0, -0.7504700153018864, -0.7471183146243267
591.0, 1046.0, -0.7520567021731854, -0.7471183146243267
592.0, 1046.0, -0.755302309130798, -0.7471183146243267
593.0, 1046.0, -0.7511563679707349, -0.7471183146243267
594.0, 1047.0, -0.7507292363166589, -0.7471183146243267
595.0, 1047.0, -0.7495714241838298, -0.7471183146243267
596.0, 1047.0, -0.7489511562176634, -0.7471183146243267
597.0, 1049.0, -0.7486032414035197, -0.7471183146243267
598.0, 1050.0, -0.7500174569476887, -0.7471183146243267
599.0, 1052.0, -0.7450030216331076, -0.7471183146243267
600.0, 1052.0, -0.7425236461094624, -0.7471183146243267
601.0, 1051.0, -0.7479952353958108, -0.7471183146243267
602.0, 1053.0, -0.7450434960414172, -0.7520925238138081
603.0, 1052.0, -0.7477300211401252, -0.7520925238138081
604.0, 1052.0, -0.7487476260749442, -0.7520925238138081
605.0, 1052.0, -0.7472637601170526, -0.7520925238138081
606.0, 1052.0, -0.7472377220806461, -0.7520925238138081
607.0, 1051.0, -0.7486892276875763, -0.7520925238138081
608.0, 1051.0, -0.7504261997119834, -0.7520925238138081
609.0, 1050.0, -0.7427710832585515, -0.7520925238138081
610.0, 1050.0, -0.7402823476246676, -0.7520925238138081
611.0, 1049.0, -0.7437849773408236, -0.7520925238138081
612.0, 1048.0, -0.7463120664189287, -0.7520925238138081
613.0, 1047.0, -0.7478952900927109, -0.7520925238138081
614.0, 1047.0, -0.7454522980135168, -0.7520925238138081
615.0, 1047.0, -0.7419605335505812, -0.7520925238138081
616.0, 1047.0, -0.7406560993605174, -0.7520925238138081
617.0, 1047.0, -0.7392791841472703, -0.7520925238138081
618.0, 1046.0, -0.7387464679552986, -0.7520925238138081
619.0, 1046.0, -0.7406486187630239, -0.7520925238138081
620.0, 1045.0, -0.7397258263103395, -0.7520925238138081
621.0, 1045.0, -0.742087175167365, -0.7520925238138081
622.0, 1045.0, -0.73835161410581, -0.7520925238138081
623.0, 1045.0, -0.7367507709707599, -0.7520925238138081
624.0, 1045.0, -0.7372335943887283, -0.7520925238138081
625.0, 1045.0, -0.7408995201902151, -0.7520925238138081
626.0, 1045.0, -0.739892857321625, -0.7520925238138081
627.0, 1047.0, -0.7429785153954462, -0.7520925238138081
628.0, 1046.0, -0.7438523875221181, -0.7520925238138081
629.0, 1046.0, -0.7416626499970644, -0.7520925238138081
630.0, 1045.0, -0.7424381249062355, -0.7520925238138081
631.0, 1046.0, -0.7375655097889391, -0.7520925238138081
632.0, 1046.0, -0.7386281397843144, -0.7520925238138081
633.0, 1045.0, -0.7426599714574424, -0.7520925238138081
634.0, 1045.0, -0.7419910030805881, -0.7520925238138081
635.0, 1044.0, -0.7443530917562582, -0.7520925238138081
636.0, 1044.0, -0.7418541272557146, -0.7520925238138081
637.0, 1045.0, -0.7441608055188962, -0.7520925238138081
638.0, 1047.0, -0.7423892432745682, -0.7520925238138081
639.0, 1045.0, -0.7471196248007876, -0.7520925238138081
640.0, 1043.0, -0.7424405207936249, -0.7520925238138081
641.0, 1041.0, -0.7442153672452279, -0.7520925238138081
642.0, 1042.0, -0.7448532865693349, -0.7520925238138081
643.0, 1042.0, -0.7416849541145025, -0.7520925238138081
644.0, 1043.0, -0.7416696548863579, -0.7520925238138081
645.0, 1043.0, -0.7409438009040663, -0.7520925238138081
646.0, 1042.0, -0.7395520361412218, -0.7520925238138081
647.0, 1042.0, -0.7445588230382023, -0.7520925238138081
648.0, 1042.0, -0.7430544510245494, -0.7520925238138081
649.0, 1042.0, -0.7408523324444702, -0.7520925238138081
650.0, 1042.0, -0.7386255330096652, -0.7520925238138081
651.0, 1041.0, -0.7382924383377261, -0.7520925238138081
652.0, 1040.0, -0.7398204078608663, -0.7561107027770912
653.0, 1041.0, -0.7392321537205104, -0.7561107027770912
654.0, 1040.0, -0.7445271773328554, -0.7561107027770912
655.0, 1040.0, -0.7438826505944032, -0.7561107027770912
656.0, 1041.0, -0.7410251685815124, -0.7561107027770912
657.0, 1041.0, -0.7386107052006659, -0.7561107027770912
658.0, 1040.0, -0.7346921403739619, -0.7561107027770912
659.0, 1040.0, -0.7400429923624365, -0.7561107027770912
660.0, 1040.0, -0.7401395099864074, -0.7561107027770912
661.0, 1038.0, -0.7468644346456137, -0.7561107027770912
662.0, 1038.0, -0.7512516561260161, -0.7561107027770912
663.0, 1038.0, -0.7484642446968717, -0.7561107027770912
664.0, 1036.0, -0.7494043398072199, -0.7561107027770912
665.0, 1036.0, -0.7459306476844421, -0.7561107027770912
666.0, 1036.0, -0.7521023261812041, -0.7561107027770912
667.0, 1036.0, -0.755228858093826, -0.7561107027770912
668.0, 1035.0, -0.7520541246629535, -0.7561107027770912
669.0, 1035.0, -0.7483635158095787, -0.7561107027770912
670.0, 1035.0, -0.7489728778121583, -0.7561107027770912
671.0, 1034.0, -0.746847930490981, -0.7561107027770912
672.0, 1033.0, -0.7509854405623853, -0.7561107027770912
673.0, 1033.0, -0.7505128732201793, -0.7561107027770912
674.0, 1033.0, -0.7531541903305559, -0.7561107027770912
675.0, 1032.0, -0.7556043884490113, -0.7561107027770912
676.0, 1033.0, -0.7551547132057856, -0.7561107027770912
677.0, 1034.0, -0.7571468441330935, -0.7561107027770912
678.0, 1035.0, -0.7535396746572809, -0.7561107027770912
679.0, 1035.0, -0.7531275245891564, -0.7561107027770912
680.0, 1035.0, -0.756759972013995, -0.7561107027770912
681.0, 1035.0, -0.7519374727094417, -0.7561107027770912
682.0, 1033.0, -0.7583932068452015, -0.7561107027770912
683.0, 1033.0, -0.7557672362925447, -0.7561107027770912
684.0, 1033.0, -0.7542006563223387, -0.7561107027770912
685.0, 1034.0, -0.7536161355515132, -0.7561107027770912
686.0, 1032.0, -0.7527511412083852, -0.7561107027770912
687.0, 1032.0, -0.7526933043407249, -0.7561107027770912
688.0, 1033.0, -0.7560678421376397, -0.7561107027770912
689.0, 1032.0, -0.758005450378537, -0.7561107027770912
690.0, 1031.0, -0.7569033536886103, -0.7561107027770912
691.0, 1031.0, -0.758968503574958, -0.7561107027770912
692.0, 1031.0, -0.7532675142883132, -0.7561107027770912
693.0, 1031.0, -0.7472518741286582, -0.7561107027770912
694.0, 1032.0, -0.7512960792079522, -0.7561107027770912
695.0, 1032.0, -0.7501743717696958, -0.7561107027770912
696.0, 1034.0, -0.75075038801885, -0.7561107027770912
697.0, 1034.0, -0.7560013547125866, -0.7561107027770912
698.0, 1034.0, -0.7557633524663392, -0.7561107027770912
699.0, 1033.0, -0.7535755382346678, -0.7561107027770912
700.0, 1033.0, -0.7569509181922089, -0.7561107027770912
701.0, 1033.0, -0.7551778244089944, -0.7561107027770912
702.0, 1033.0, -0.7587055286228459, -0.7593574217908414
703.0, 1033.0, -0.7605823846834461, -0.7593574217908414
704.0, 1031.0, -0.7587194438831626, -0.7593574217908414
705.0, 1032.0, -0.7543892244338222, -0.7593574217908414
706.0, 1032.0, -0.7476407357044705, -0.7593574217908414
707.0, 1030.0, -0.746056244275723, -0.7593574217908414
708.0, 1031.0, -0.7423601174089443, -0.7593574217908414
709.0, 1032.0, -0.7432081475758336, -0.7593574217908414
710.0, 1031.0, -0.7488381407882718, -0.7593574217908414
711.0, 1030.0, -0.7553817078064016, -0.7593574217908414
712.0, 1029.0, -0.7568301390632681, -0.7593574217908414
713.0, 1028.0, -0.7588154153009095, -0.7593574217908414
714.0, 1028.0, -0.7578152362913806, -0.7593574217908414
715.0, 1028.0, -0.7581871552249098, -0.7593574217908414
716.0, 1027.0, -0.7551884398080788, -0.7593574217908414
717.0, 1027.0, -0.7564072661100452, -0.7593574217908414
718.0, 1027.0, -0.7512824929836335, -0.7593574217908414
719.0, 1026.0, -0.7495622617813911, -0.7593574217908414
720.0, 1026.0, -0.748008849706117, -0.7593574217908414
721.0, 1026.0, -0.7499356605444127, -0.7593574217908414
722.0, 1026.0, -0.7498575102624847, -0.7593574217908414
723.0, 1027.0, -0.7518492373255989, -0.7593574217908414
724.0, 1027.0, -0.7463394289392808, -0.7593574217908414
725.0, 1027.0, -0.7481990476293245, -0.7593574217908414
726.0, 1027.0, -0.7478302982269889, -0.7593574217908414
727.0, 1027.0, -0.7552022614538747, -0.7593574217908414
728.0, 1027.0, -0.7540510277913455, -0.7593574217908414
729.0, 1025.0, -0.7528096398268045, -0.7593574217908414
730.0, 1025.0, -0.7491675308732961, -0.7593574217908414
731.0, 1026.0, -0.7479365482589513, -0.7593574217908414
732.0, 1026.0, -0.7517699409453322, -0.7593574217908414
733.0, 1025.0, -0.7570575960849473, -0.7593574217908414
734.0, 1027.0, -0.7576908730354837, -0.7593574217908414
735.0, 1027.0, -0.7581223577666105, -0.7593574217908414
736.0, 1027.0, -0.7628775454020194, -0.7593574217908414
737.0, 1026.0, -0.761552453147541, -0.7593574217908414
738.0, 1027.0, -0.7630896942585543, -0.7593574217908414
739.0, 1027.0, -0.7605812716749483, -0.7593574217908414
740.0, 1025.0, -0.7624198355743395, -0.7593574217908414
741.0, 1025.0, -0.7634716089176026, -0.7593574217908414
742.0, 1025.0, -0.7608019701676498, -0.7593574217908414
743.0, 1025.0, -0.7598496846565903, -0.7593574217908414
744.0, 1025.0, -0.7553808214527247, -0.7593574217908414
745.0, 1025.0, -0.7543199749237766, -0.7593574217908414
746.0, 1025.0, -0.7560648606995584, -0.7593574217908414
747.0, 1025.0, -0.7564699481115291, -0.7593574217908414
748.0, 1026.0, -0.7553194373389285, -0.7593574217908414
749.0, 1027.0, -0.7540180235242935, -0.7593574217908414
750.0, 1027.0, -0.7589155612768903, -0.7593574217908414
751.0, 1027.0, -0.7581645440616256, -0.7593574217908414
752.0, 1029.0, -0.7602362396131082, -0.7620216148854836
753.0, 1029.0, -0.760132204269856, -0.7620216148854836
754.0, 1030.0, -0.7645516932691527, -0.7620216148854836
755.0, 1032.0, -0.7647124125041935, -0.7620216148854836
756.0, 1033.0, -0.7698554612057493, -0.7620216148854836
757.0, 1034.0, -0.7658603183088564, -0.7620216148854836
758.0, 1033.0, -0.7657574065138044, -0.7620216148854836
759.0, 1032.0, -0.7654201676956962, -0.7620216148854836
760.0, 1033.0, -0.7637255783452763, -0.7620216148854836
761.0, 1033.0, -0.7604510738268095, -0.7620216148854836
762.0, 1032.0, -0.7579294188188725, -0.7620216148854836
763.0, 1033.0, -0.7550250782675783, -0.7620216148854836
764.0, 1032.0, -0.749624808204123, -0.7620216148854836
765.0, 1031.0, -0.7533157480710839, -0.7620216148854836
766.0, 1030.0, -0.7614121482185126, -0.7620216148854836
767.0, 1028.0, -0.7577190037356871, -0.7620216148854836
768.0, 1029.0, -0.762685476732563, -0.7620216148854836
769.0, 1029.0, -0.7698608627052259, -0.7620216148854836
770.0, 1029.0, -0.775045901804797, -0.7620216148854836
771.0, 1029.0, -0.7708791335193677, -0.7620216148854836
772.0, 1030.0, -0.7669799038045617, -0.7620216148854836
773.0, 1029.0, -0.7646395567871256, -0.7620216148854836
774.0, 1028.0, -0.7601994659656015, -0.7620216148854836
775.0, 1028.0, -0.7540664192453237, -0.7620216148854836
776.0, 1029.0, -0.7556410021209288, -0.7620216148854836
777.0, 1030.0, -0.7575566859241567, -0.7620216148854836
778.0, 1030.0, -0.7569691690368368, -0.7620216148854836
779.0, 1029.0, -0.7656128618237126, -0.7620216148854836
780.0, 1030.0, -0.7585436685412157, -0.7620216148854836
781.0, 1029.0, -0.7563346911454807, -0.7620216148854836
782.0, 1029.0, -0.7549326440791737, -0.7620216148854836
783.0, 1028.0, -0.7565832742935341, -0.7620216148854836
784.0, 1025.0, -0.7575249410622187, -0.7620216148854836
785.0, 1025.0, -0.7554945469525818, -0.7620216148854836
786.0, 1025.0, -0.7615890046307436, -0.7620216148854836
787.0, 1025.0, -0.7634818039991085, -0.7620216148854836
788.0, 1025.0, -0.769248524500687, -0.7620216148854836
789.0, 1026.0, -0.7654162390320147, -0.7620216148854836
790.0, 1026.0, -0.7683249468410303, -0.7620216148854836
791.0, 1026.0, -0.7668897602500757, -0.7620216148854836
792.0, 1027.0, -0.7681578162953298, -0.7620216148854836
793.0, 1028.0, -0.7678208992004345, -0.7620216148854836
794.0, 1028.0, -0.7649340968800433, -0.7620216148854836
795.0, 1028.0, -0.7616647502841147, -0.7620216148854836
796.0, 1028.0, -0.7638853624647572, -0.7620216148854836
797.0, 1028.0, -0.756671171307054, -0.7620216148854836
798.0, 1028.0, -0.759638870059135, -0.7620216148854836
799.0, 1026.0, -0.7577916107821345, -0.7620216148854836
800.0, 1025.0, -0.7547376147469462, -0.7620216148854836
801.0, 1026.0, -0.7541041248311227, -0.7620216148854836
802.0, 1026.0, -0.7557734358901049, -0.7645883895603414
803.0, 1025.0, -0.7500719156533309, -0.7645883895603414
804.0, 1023.0, -0.7516271896559399, -0.7645883895603414
805.0, 1023.0, -0.7554786457285319, -0.7645883895603414
806.0, 1024.0, -0.7524418735361567, -0.7645883895603414
807.0, 1023.0, -0.7556363330204885, -0.7645883895603414
808.0, 1024.0, -0.7556009221876221, -0.7645883895603414
809.0, 1023.0, -0.7618981476111064, -0.7645883895603414
810.0, 1023.0, -0.7586881248160737, -0.7645883895603414
811.0, 1021.0, -0.7603673567676343, -0.7645883895603414
812.0, 1020.0, -0.7589859120547895, -0.7645883895603414
813.0, 1020.0, -0.7614234026080151, -0.7645883895603414
814.0, 1019.0, -0.7605137224515715, -0.7645883895603414
815.0, 1021.0, -0.7586073996619556, -0.7645883895603414
816.0, 1020.0, -0.7599289920470138, -0.7645883895603414
817.0, 1021.0, -0.7608159752819301, -0.7645883895603414
818.0, 1021.0, -0.7603452065533547, -0.7645883895603414
819.0, 1020.0, -0.7584530426872216, -0.7645883895603414
820.0, 1018.0, -0.7559583949425277, -0.7645883895603414
821.0, 1017.0, -0.754519563480353, -0.7645883895603414
822.0, 1016.0, -0.758090526785584, -0.7645883895603414
823.0, 1017.0, -0.7559781132102934, -0.7645883895603414
824.0, 1016.0, -0.7550903217029692, -0.7645883895603414
825.0, 1015.0, -0.7572514555145122, -0.7645883895603414
826.0, 1016.0, -0.7585944918726992, -0.7645883895603414
827.0, 1016.0, -0.7615414571150338, -0.7645883895603414
828.0, 1015.0, -0.757207636325405, -0.7645883895603414
829.0, 1016.0, -0.762320635958426, -0.7645883895603414
830.0, 1019.0, -0.7612975009071234, -0.7645883895603414
831.0, 1019.0, -0.7621693826633746, -0.7645883895603414
832.0, 1018.0, -0.7585708110315827, -0.7645883895603414
833.0, 1019.0, -0.7598592311095966, -0.7645883895603414
834.0, 1020.0, -0.7647640391737798, -0.7645883895603414
835.0, 1020.0, -0.7656848302613013, -0.7645883895603414
836.0, 1021.0, -0.762703107853417, -0.7645883895603414
837.0, 1021.0, -0.758341794097642, -0.7645883895603414
838.0, 1020.0, -0.7625652143938346, -0.7645883895603414
839.0, 1018.0, -0.7579440334011591, -0.7645883895603414
840.0, 1017.0, -0.7605657015434901, -0.7645883895603414
841.0, 1018.0, -0.7566948563039559, -0.7645883895603414
842.0, 1017.0, -0.7526096306709114, -0.7645883895603414
843.0, 1017.0, -0.7552230729894431, -0.7645883895603414
844.0, 1015.0, -0.7566476755357667, -0.7645883895603414
845.0, 1014.0, -0.758690073291294, -0.7645883895603414
846.0, 1014.0, -0.7612702549484105, -0.7645883895603414
847.0, 1014.0, -0.7576519465346847, -0.7645883895603414
848.0, 1014.0, -0.7571357282959423, -0.7645883895603414
849.0, 1013.0, -0.7591813424078742, -0.7645883895603414
850.0, 1013.0, -0.7630504122397403, -0.7645883895603414
851.0, 1013.0, -0.7660091664584658, -0.7645883895603414
852.0, 1011.0, -0.7655040081835236, -0.765880012086996
853.0, 1011.0, -0.769262234861654, -0.765880012086996
854.0, 1011.0, -0.7711295558588038, -0.765880012086996
855.0, 1010.0, -0.7705155327511408, -0.765880012086996
856.0, 1011.0, -0.7674186497201001, -0.765880012086996
857.0, 1011.0, -0.7744514125191588, -0.765880012086996
858.0, 1012.0, -0.7700733675049771, -0.765880012086996
859.0, 1011.0, -0.7686277600666216, -0.765880012086996
860.0, 1010.0, -0.7748754690417485, -0.765880012086996
861.0, 1011.0, -0.7752283624091563, -0.765880012086996
862.0, 1011.0, -0.7731415010556775, -0.765880012086996
863.0, 1010.0, -0.7741965241407092, -0.765880012086996
864.0, 1010.0, -0.7737043368524217, -0.765880012086996
865.0, 1011.0, -0.7700362855620437, -0.765880012086996
866.0, 1012.0, -0.7684041514684374, -0.765880012086996
867.0, 1014.0, -0.7705438894944616, -0.765880012086996
868.0, 1014.0, -0.7666057985748524, -0.765880012086996
869.0, 1013.0, -0.7693935451336305, -0.765880012086996
870.0, 1014.0, -0.7693015816968183, -0.765880012086996
871.0, 1014.0, -0.7695755113804952, -0.765880012086996
872.0, 1014.0, -0.771097019675028, -0.765880012086996
873.0, 1015.0, -0.7671780163567798, -0.765880012086996
874.0, 1014.0, -0.7667920807133171, -0.765880012086996
875.0, 1016.0, -0.7673922119535199, -0.765880012086996
876.0, 1016.0, -0.7716681526538176, -0.765880012086996
877.0, 1016.0, -0.7709629982782371, -0.765880012086996
878.0, 1015.0, -0.7678381726664141, -0.765880012086996
879.0, 1016.0, -0.7668226546656463, -0.765880012086996
880.0, 1017.0, -0.7664966619973059, -0.765880012086996
881.0, 1017.0, -0.7672370480832467, -0.765880012086996
882.0, 1019.0, -0.7700445218046954, -0.765880012086996
883.0, 1018.0, -0.7708385067487631, -0.765880012086996
884.0, 1018.0, -0.768677334527317, -0.765880012086996
885.0, 1018.0, -0.7750377039500636, -0.765880012086996
886.0, 1017.0, -0.7723439287731044, -0.765880012086996
887.0, 1017.0, -0.7721837106928355, -0.765880012086996
888.0, 1017.0, -0.7724206055386764, -0.765880012086996
889.0, 1016.0, -0.7731267062301594, -0.765880012086996
890.0, 1015.0, -0.7774331737776634, -0.765880012086996
891.0, 1015.0, -0.7743562439483223, -0.765880012086996
892.0, 1016.0, -0.7765210240769249, -0.765880012086996
893.0, 1018.0, -0.775795476271449, -0.765880012086996
894.0, 1018.0, -0.7732041884805405, -0.765880012086996
895.0, 1019.0, -0.7729638009479698, -0.765880012086996
896.0, 1019.0, -0.7705940187405955, -0.765880012086996
897.0, 1018.0, -0.7686381889919216, -0.765880012086996
898.0, 1018.0, -0.7699538088009474, -0.765880012086996
899.0, 1019.0, -0.7673665173339876, -0.765880012086996
900.0, 1019.0, -0.7667726128631516, -0.765880012086996
901.0, 1021.0, -0.7673765815945521, -0.765880012086996
902.0, 1022.0, -0.7695766612117303, -0.7679582660052489
903.0, 1020.0, -0.7674950326759118, -0.7679582660052489
904.0, 1018.0, -0.7654504601840828, -0.7679582660052489
905.0, 1020.0, -0.764726145368265, -0.7679582660052489
906.0, 1022.0, -0.7699203781229769, -0.7679582660052489
907.0, 1022.0, -0.7693054994105757, -0.7679582660052489
908.0, 1022.0, -0.7673722041416082, -0.7679582660052489
909.0, 1022.0, -0.7631735502254586, -0.7679582660052489
910.0, 1022.0, -0.7645617767080752, -0.7679582660052489
911.0, 1023.0, -0.7670520844800859, -0.7679582660052489
912.0, 1022.0, -0.769790618603128, -0.7679582660052489
913.0, 1021.0, -0.7679971699916719, -0.7679582660052489
914.0, 1020.0, -0.7681631998879503, -0.7679582660052489
915.0, 1021.0, -0.7717019632664504, -0.7679582660052489
916.0, 1022.0, -0.7739683255323047, -0.7679582660052489
917.0, 1021.0, -0.7693981028189671, -0.7679582660052489
918.0, 1020.0, -0.767578167717178, -0.7679582660052489
919.0, 1018.0, -0.7691790721294118, -0.7679582660052489
920.0, 1020.0, -0.7684762072381441, -0.7679582660052489
921.0, 1020.0, -0.7648812310876898, -0.7679582660052489
922.0, 1020.0, -0.7627349301596043, -0.7679582660052489
923.0, 1021.0, -0.7641027186893008, -0.7679582660052489
924.0, 1024.0, -0.7608499087108611, -0.7679582660052489
925.0, 1021.0, -0.7638353651133114, -0.7679582660052489
926.0, 1023.0, -0.7620349390075725, -0.7679582660052489
927.0, 1022.0, -0.7607210728908373, -0.7679582660052489
928.0, 1023.0, -0.7608371605442348, -0.7679582660052489
929.0, 1022.0, -0.7615573340064041, -0.7679582660052489
930.0, 1022.0, -0.7590649011291952, -0.7679582660052489
931.0, 1021.0, -0.7559370288983474, -0.7679582660052489
932.0, 1020.0, -0.7562379700396131, -0.7679582660052489
933.0, 1021.0, -0.7518681232959648, -0.7679582660052489
934.0, 1023.0, -0.7578130852112654, -0.7679582660052489
935.0, 1022.0, -0.7658070617716357, -0.7679582660052489
936.0, 1022.0, -0.7685566626322053, -0.7679582660052489
937.0, 1023.0, -0.7630048988218934, -0.7679582660052489
938.0, 1025.0, -0.7666650161186093, -0.7679582660052489
939.0, 1026.0, -0.7641294932371854, -0.7679582660052489
940.0, 1026.0, -0.762473402169934, -0.7679582660052489
941.0, 1027.0, -0.7568264508908029, -0.7679582660052489
942.0, 1025.0, -0.759557478564387, -0.7679582660052489
943.0, 1026.0, -0.764611729007469, -0.7679582660052489
944.0, 1026.0, -0.760786377831838, -0.7679582660052489
945.0, 1026.0, -0.7606743278545267, -0.7679582660052489
946.0, 1026.0, -0.7632094698348784, -0.7679582660052489
947.0, 1026.0, -0.7579003006592748, -0.7679582660052489
948.0, 1025.0, -0.7569321592214562, -0.7679582660052489
949.0, 1025.0, -0.7551289122221532, -0.7679582660052489
950.0, 1025.0, -0.7484943270143529, -0.7679582660052489
951.0, 1023.0, -0.7504007201300356, -0.7679582660052489
952.0, 1023.0, -0.7497829005045811, -0.7702322147021978
953.0, 1022.0, -0.750587430558247, -0.7702322147021978
954.0, 1021.0, -0.7501610126710754, -0.7702322147021978
955.0, 1020.0, -0.7513117643080105, -0.7702322147021978
956.0, 1021.0, -0.7512737805559684, -0.7702322147021978
957.0, 1020.0, -0.7512339052249855, -0.7702322147021978
958.0, 1019.0, -0.7491591821017605, -0.7702322147021978
959.0, 1017.0, -0.7484981341707677, -0.7702322147021978
960.0, 1018.0, -0.7514899615718607, -0.7702322147021978
961.0, 1016.0, -0.7500083596305507, -0.7702322147021978
962.0, 1017.0, -0.7553985097460154, -0.7702322147021978
963.0, 1018.0, -0.7585143595989705, -0.7702322147021978
964.0, 1017.0, -0.7594095248684292, -0.7702322147021978
965.0, 1017.0, -0.7516637906978128, -0.7702322147021978
966.0, 1017.0, -0.7536012185837269, -0.7702322147021978
967.0, 1015.0, -0.7584271699408505, -0.7702322147021978
968.0, 1014.0, -0.7562778474915397, -0.7702322147021978
969.0, 1013.0, -0.7579828756516047, -0.7702322147021978
970.0, 1013.0, -0.7589276577797055, -0.7702322147021978
971.0, 1014.0, -0.7573187761036821, -0.7702322147021978
972.0, 1013.0, -0.7595774224986842, -0.7702322147021978
973.0, 1014.0, -0.75623242889525, -0.7702322147021978
974.0, 1015.0, -0.7526985334438054, -0.7702322147021978
975.0, 1015.0, -0.7565452960113741, -0.7702322147021978
976.0, 1014.0, -0.7613477380195426, -0.7702322147021978
977.0, 1011.0, -0.762553447823155, -0.7702322147021978
978.0, 1012.0, -0.7601267029067984, -0.7702322147021978
979.0, 1012.0, -0.7592362262587011, -0.7702322147021978
980.0, 1011.0, -0.7609820403511391, -0.7702322147021978
981.0, 1011.0, -0.761455101890556, -0.7702322147021978
982.0, 1010.0, -0.7629153691035433, -0.7702322147021978
983.0, 1010.0, -0.7595507370020398, -0.7702322147021978
984.0, 1009.0, -0.7575669463193369, -0.7702322147021978
985.0, 1009.0, -0.758768026481587, -0.7702322147021978
986.0, 1009.0, -0.7584884079000516, -0.7702322147021978
987.0, 1009.0, -0.7594513004820613, -0.7702322147021978
988.0, 1009.0, -0.7601470101929637, -0.7702322147021978
989.0, 1010.0, -0.757121408130982, -0.7702322147021978
990.0, 1010.0, -0.75596599508053, -0.7702322147021978
991.0, 1011.0, -0.7606096811565575, -0.7702322147021978
992.0, 1011.0, -0.7566147820464435, -0.7702322147021978
993.0, 1011.0, -0.7571518697637152, -0.7702322147021978
994.0, 1009.0, -0.7544084441658101, -0.7702322147021978
995.0, 1009.0, -0.7621621104569662, -0.7702322147021978
996.0, 1010.0, -0.7571009520844458, -0.7702322147021978
997.0, 1009.0, -0.7548113622077368, -0.7702322147021978
998.0, 1009.0, -0.759627359574921, -0.7702322147021978
999.0, 1008.0, -0.7616126334398239, -0.7702322147021978
1000.0, 1008.0, -0.7618407597363424, -0.7702322147021978
